Jhon,Harper,jhon@gmail.com,25
Jarry,singh,jarry@gmail.com,30
Rakesh,kumar,rakesh@gmail.com,40
Rawami,Harper,rawani@gmail.com,35
kaml,kumar,kaml@gmail.com,45
Jack,Harper,jack@gmail.com,75
Tom,linkom,tom@gmail.com,35
Sam,Harper,sam@gmail.com,25
Jhon,Harper,jhon@gmail.com,25
Jarry,singh,jarry@gmail.com,30
Rakesh,kumar,rakesh@gmail.com,40
Rawami,Harper,rawani@gmail.com,35
kaml,kumar,kaml@gmail.com,45
Jack,Harper,jack@gmail.com,75
Tom,linkom,tom@gmail.com,35
Sam,Harper,sam@gmail.com,25
Jhon,Harper,jhon@gmail.com,25
Jarry,singh,jarry@gmail.com,30
Rakesh,kumar,rakesh@gmail.com,40
Rawami,Harper,rawani@gmail.com,35
kaml,kumar,kaml@gmail.com,45
Jack,Harper,jack@gmail.com,75
Tom,linkom,tom@gmail.com,35
Sam,Harper,sam@gmail.com,25









